English,Chinese (S),Location,Transfers[10],Line, Latitude , Longitude ,
Xinzhuang,莘庄,Minhang,5 Jinshan Xinzhuang,1, 31.1110934835 , 121.3854538189 ,
Waihuanlu,外环路,Minhang,,1, 31.1209160019 , 121.3930031625 ,
Lianhua Road,莲花路,Minhang,,1, 31.1309570541 , 121.4029190026 ,
Jinjiang Park,锦江乐园,Xuhui,,1, 31.1421974801 , 121.4141463655 ,
Shanghai South Railway Station,上海南站,Xuhui,3 Jinshan [a] Shanghainan[b],1, 31.1546882896 , 121.4301358179 ,
Caobao Road,漕宝路,Xuhui,12,1, 31.1683910928 , 121.4349516747 ,
Shanghai Indoor Stadium,上海体育馆,Xuhui,4,1, 31.1827224790 , 121.4370549409 ,
Xujiahui,徐家汇,Xuhui,9 11,1, 31.1944398962 , 121.4359796592 ,
Hengshan Road,衡山路,Xuhui,,1, 31.2058226788 , 121.4475086233 ,
Changshu Road,常熟路,Xuhui,7,1, 31.2132997178 , 121.4510675172 ,
South Shaanxi Road,陕西南路,Huangpu,10 12,1, 31.2149228095 , 121.4585974611 ,
South Huangpi Road,黄陂南路,Huangpu,,1, 31.2230151584 , 121.4738751650 ,
People's Square,人民广场,Huangpu,2 8,1, 31.2323725402 , 121.4760743398 ,
Xinzha Road,新闸路,Huangpu,,1, 31.2386357519 , 121.4682018966 ,
Hanzhong Road,汉中路,Jing'an,12 13,1, 31.2418749330 , 121.4582982410 ,
Shanghai Railway Station,上海火车站,Jing'an,3 4 [c] Shanghai[b],1, 31.2472280221 , 121.4558052301 ,
North Zhongshan Road,中山北路,Jing'an,,1, 31.2595162962 , 121.4593782929 ,
Yanchang Road,延长路,Jing'an,,1, 31.2713648959 , 121.4555845816 ,
Shanghai Circus World,上海马戏城,Jing'an,,1, 31.2793162807 , 121.4521209079 ,
Wenshui Road,汶水路,Jing'an,,1, 31.2926594829 , 121.4502368508 ,
Pengpu Xincun,彭浦新村,Jing'an,,1, 31.3056722821 , 121.4487906979 ,
Gongkang Road,共康路,Jing'an,,1, 31.3198811047 , 121.4466744847 ,
Tonghe Xincun,通河新村,Baoshan,,1, 31.3309803588 , 121.4416443550 ,
Hulan Road,呼兰路,Baoshan,,1, 31.3400256275 , 121.4376946657 ,
Gongfu Xincun,共富新村,Baoshan,,1, 31.3551250780 , 121.4342130029 ,
Bao'an Highway,宝安公路,Baoshan,,1, 31.3695811442 , 121.4309662215 ,
West Youyi Road,友谊西路,Baoshan,,1, 31.3818349993 , 121.4277277369 ,
Fujin Road,富锦路,Baoshan,,1, 31.3923052954 , 121.4245852592 ,
East Xujing,徐泾东,Qingpu,,2, 31.1894779252 , 121.3016038576 ,
Hongqiao Railway Station,虹桥火车站,Minhang,10 17 Hongqiao[b],2, 31.1937845473 , 121.3201189938 ,
Hongqiao Airport Terminal 2,虹桥2号航站楼,Minhang,10 [d],2, 31.1942220000 , 121.3262520000 ,
Songhong Road,淞虹路,Changning,,2, 31.2180930938 , 121.3604092966 ,
Beixinjing,北新泾,Changning,,2, 31.2169376321 , 121.3727428044 ,
Weining Road,威宁路,Changning,,2, 31.2147779922 , 121.3878182463 ,
Loushanguan Road,娄山关路,Changning,,2, 31.2112828613 , 121.4038476511 ,
Zhongshan Park,中山公园,Changning,3 4,2, 31.2182221202 , 121.4162104851 ,
Jiangsu Road,江苏路,Changning,11,2, 31.2193553755 , 121.4310034273 ,
Jing'an Temple,静安寺,Jing'an,7,2, 31.2240646488 , 121.4481662804 ,
West Nanjing Road,南京西路,Jing'an,12 13 [c],2, 31.2299280755 , 121.4605991657 ,
People's Square,人民广场,Huangpu,1 8,2, 31.2323725402 , 121.4760743398 ,
East Nanjing Road,南京东路,Huangpu,10,2, 31.2374561554 , 121.4850320751 ,
Lujiazui,陆家嘴,Pudong,,2, 31.2381473927 , 121.5025672765 ,
Dongchang Road,东昌路,Pudong,,2, 31.2332207606 , 121.5156701856 ,
Century Avenue,世纪大道,Pudong,4 6 9,2, 31.2288923236 , 121.5271048707 ,
Shanghai Science and Technology Museum,上海科技馆,Pudong,,2, 31.2197600624 , 121.5429607565 ,
Century Park,世纪公园,Pudong,,2, 31.2105791305 , 121.5505096374 ,
Longyang Road,龙阳路,Pudong,7 16 Maglev [e],2, 31.2019512949 , 121.5577914396 ,
Zhangjiang Hi-Tech Park,张江高科,Pudong,,2, 31.2016912018 , 121.5876400557 ,
Jinke Road,金科路,Pudong,,2, 31.2041888383 , 121.6020352757 ,
Guanglan Road,广兰路,Pudong,,2, 31.2107489226 , 121.6205274343 ,
Tangzhen,唐镇,Pudong,,2, 31.2140689215 , 121.6560213518 ,
Middle Chuangxin Road,创新中路,Pudong,,2, 31.2134673446 , 121.6741909511 ,
East Huaxia Road,华夏东路,Pudong,,2, 31.1967409881 , 121.6810032514 ,
Chuansha,川沙,Pudong,,2, 31.1867408679 , 121.6981561916 ,
Lingkong Road,凌空路,Pudong,,2, 31.1926630762 , 121.7232131191 ,
Yuandong Avenue,远东大道,Pudong,,2, 31.1994360000 , 121.7553730000 ,
Haitiansan Road,海天三路,Pudong,,2, 31.1683490000 , 121.7970490000 ,
Pudong International Airport,浦东国际机场,Pudong,Maglev [e],2, 31.1504750000 , 121.8058630000 ,
Shanghai South Railway Station,上海南站,Xuhui,1 Jinshan [a] Shanghainan[b],3, 31.1546882896 , 121.4301358179 ,
Shilong Road,石龙路,Xuhui,,3, 31.1579180000 , 121.4431930000 ,
Longcao Road,龙漕路,Xuhui,12,3, 31.1694530000 , 121.4443910000 ,
Caoxi Road,漕溪路,Xuhui,,3, 31.1767270000 , 121.4383660000 ,
Yishan Road,宜山路,Xuhui,4 9,3, 31.1867983693 , 121.4275760079 ,
Hongqiao Road,虹桥路,Changning,4 10,3, 31.1971021989 , 121.4211198430 ,
West Yan'an Road,延安西路,Changning,4,3, 31.2095810000 , 121.4170640000 ,
Zhongshan Park,中山公园,Changning,2 4,3, 31.2182221202 , 121.4162104851 ,
Jinshajiang Road,金沙江路,Putuo,4 13,3, 31.2313134633 , 121.4118713113 ,
Caoyang Road,曹杨路,Putuo,4 11,3, 31.2384670386 , 121.4168652789 ,
Zhenping Road,镇坪路,Putuo,4 7,3, 31.2467261837 , 121.4311606738 ,
Zhongtan Road,中潭路,Putuo,4,3, 31.2545850000 , 121.4411120000 ,
Shanghai Railway Station,上海火车站,Jing'an,1 [c] 4 Shanghai[b],3, 31.2472280221 , 121.4558052301 ,
Baoshan Road,宝山路,Jing'an,4,3, 31.2515710000 , 121.4763770000 ,
Dongbaoxing Road,东宝兴路,Hongkou,,3, 31.2597750000 , 121.4802410000 ,
Hongkou Football Stadium,虹口足球场,Hongkou,8,3, 31.2699198602 , 121.4792323897 ,
Chifeng Road,赤峰路,Hongkou,,3, 31.2812470000 , 121.4824900000 ,
Dabaishu,大柏树,Hongkou,,3, 31.2895460000 , 121.4832270000 ,
Jiangwan Town,江湾镇,Hongkou,,3, 31.3055080000 , 121.4850790000 ,
West Yingao Road,殷高西路,Baoshan,,3, 31.3198620000 , 121.4849690000 ,
South Changjiang Road,长江南路,Baoshan,,3, 31.3320430000 , 121.4915510000 ,
Songfa Road,淞发路,Baoshan,,3, 31.3445129131 , 121.5000504715 ,
Zhanghuabang,张华浜,Baoshan,,3, 31.3582034139 , 121.4986403697 ,
Songbin Road,淞滨路,Baoshan,,3, 31.3709280000 , 121.4906240000 ,
Shuichan Road,水产路,Baoshan,,3, 31.3823619265 , 121.4876622842 ,
Baoyang Road,宝杨路,Baoshan,,3, 31.3953090000 , 121.4795830000 ,
Youyi Road,友谊路,Baoshan,,3, 31.4040070000 , 121.4759480000 ,
Tieli Road,铁力路,Baoshan,,3, 31.4081610000 , 121.4612110000 ,
North Jiangyang Road,江杨北路,Baoshan,,3, 31.4078590000 , 121.4398140000 ,
Yishan Road,宜山路,Xuhui,3 9,4, 31.1867983693 , 121.4275760079 ,
Hongqiao Road,虹桥路,Changning,3 10,4, 31.1971021989 , 121.4211198430 ,
West Yan'an Road,延安西路,Changning,3,4, 31.2095810000 , 121.4170640000 ,
Zhongshan Park,中山公园,Changning,2 3,4, 31.2182221202 , 121.4162104851 ,
Jinshajiang Road,金沙江路,Putuo,3 13,4, 31.2313134633 , 121.4118713113 ,
Caoyang Road,曹杨路,Putuo,3 11,4, 31.2384670386 , 121.4168652789 ,
Zhenping Road,镇坪路,Putuo,3 7,4, 31.2467261837 , 121.4311606738 ,
Zhongtan Road,中潭路,Putuo,3,4, 31.2545850000 , 121.4411120000 ,
Shanghai Railway Station,上海火车站,Jing'an,1 [c] 3 Shanghai[b],4, 31.2472280221 , 121.4558052301 ,
Baoshan Road,宝山路,Jing'an,3,4, 31.2515710000 , 121.4763770000 ,
Hailun Road,海伦路,Hongkou,10,4, 31.2592106246 , 121.4886958127 ,
Linping Road,临平路,Hongkou,,4, 31.2609491656 , 121.5008871950 ,
Dalian Road,大连路,Hongkou/Yangpu,12,4, 31.2579402013 , 121.5129702667 ,
Yangshupu Road,杨树浦路,Yangpu,,4, 31.2523757963 , 121.5167491376 ,
Pudong Avenue,浦东大道,Pudong,,4, 31.2398859489 , 121.5193812925 ,
Century Avenue,世纪大道,Pudong,2 6 9,4, 31.2288923236 , 121.5271048707 ,
Pudian Road,浦电路,Pudong,[f],4, 31.2201040000 , 121.5280275000 ,
Lancun Road,蓝村路,Pudong,6,4, 31.2118831155 , 121.5282011849 ,
Tangqiao,塘桥,Pudong,,4, 31.2096202282 , 121.5183534066 ,
Nanpu Bridge,南浦大桥,Huangpu,,4, 31.2085890000 , 121.4995720000 ,
South Xizang Road,西藏南路,Huangpu,8,4, 31.2016619751 , 121.4896235528 ,
Luban Road,鲁班路,Huangpu,,4, 31.1991778046 , 121.4751705490 ,
Damuqiao Road,大木桥路,Xuhui,12,4, 31.1941644370 , 121.4637161324 ,
Dong'an Road,东安路,Xuhui,7,4, 31.1906372421 , 121.4547409621 ,
Shanghai Stadium,上海体育场,Xuhui,,4, 31.1855216262 , 121.4437131157 ,
Shanghai Indoor Stadium,上海体育馆,Xuhui,1,4, 31.1827224790 , 121.4370549409 ,
Xinzhuang,莘庄,Minhang,1 Jinshan Xinzhuang,5, 31.1110934835 , 121.3854538189 ,
Chunshen Road,春申路,Minhang,,5, 31.0982604413 , 121.3857766621 ,
Yindu Road,银都路,Minhang,,5, 31.0893014902 , 121.3902987668 ,
Zhuanqiao,颛桥,Minhang,,5, 31.0669829518 , 121.4018573535 ,
Beiqiao,北桥,Minhang,,5, 31.0450575157 , 121.4100445453 ,
Jianchuan Road,剑川路,Minhang,,5, 31.0264475273 , 121.4165896003 ,
Dongchuan Road,东川路,Minhang,,5, 31.0181760666 , 121.4198816326 ,
Jiangchuan Road,江川路,Minhang,,5, 31.0055270000 , 121.4212300000 ,
Xidu,西渡,Fengxian,,5, 30.9892501000 , 121.4322693000 ,
Xiaotang,萧塘,Fengxian,,5, 30.9663340000 , 121.4395540000 ,
Fengpu Avenue,奉浦大道,Fengxian,,5, 30.9406747000 , 121.4426933000 ,
Huanchengdong Road,环城东路,Fengxian,,5, 30.9406741000 , 121.4426504000 ,
Wangyuan Road,望园路,Fengxian,,5, 30.9435487000 , 121.4703893000 ,
Jinhai Lake,金海湖,Fengxian,,5, 30.9289060000 , 121.4902830000 ,
Fengxian Xincheng,奉贤新城,Fengxian,,5, 30.9056433000 , 121.4828075000 ,
Jinping Road,金平路,Minhang,,5, 31.0112473175 , 121.4102478623 ,
Huaning Road,华宁路,Minhang,,5, 31.0074491571 , 121.3953296667 ,
Wenjing Road,文井路,Minhang,,5, 31.0035793410 , 121.3808006065 ,
Minhang Development Zone,闵行开发区,Minhang,,5, 31.0006097689 , 121.3697526561 ,
Gangcheng Road,港城路,Pudong,,6, 31.3530170000 , 121.5748510000 ,
North Waigaoqiao Free Trade Zone,外高桥保税区北,Pudong,,6, 31.3478320000 , 121.5869120000 ,
Hangjin Road,航津路,Pudong,,6, 31.3354340000 , 121.5939810000 ,
South Waigaoqiao Free Trade Zone,外高桥保税区南,Pudong,,6, 31.3215960000 , 121.6019900000 ,
Zhouhai Road,洲海路,Pudong,,6, 31.3123100000 , 121.5894090000 ,
Wuzhou Avenue,五洲大道,Pudong,,6, 31.3025820000 , 121.5893140000 ,
Dongjing Road,东靖路,Pudong,,6, 31.2906610000 , 121.5888510000 ,
Jufeng Road,巨峰路,Pudong,12,6, 31.2801140955 , 121.5893540833 ,
Wulian Road,五莲路,Pudong,,6, 31.2720670000 , 121.5879570000 ,
Boxing Road,博兴路,Pudong,,6, 31.2639308458 , 121.5869734500 ,
Jinqiao Road,金桥路,Pudong,,6, 31.2569896961 , 121.5816786297 ,
Yunshan Road,云山路,Pudong,,6, 31.2499496769 , 121.5720040087 ,
Deping Road,德平路,Pudong,,6, 31.2458840414 , 121.5651017214 ,
Beiyangjing Road,北洋泾路,Pudong,,6, 31.2390080754 , 121.5520826175 ,
Minsheng Road,民生路,Pudong,,6, 31.2361582961 , 121.5445705785 ,
Yuanshen Stadium,源深体育中心,Pudong,,6, 31.2329160556 , 121.5342307197 ,
Century Avenue,世纪大道,Pudong,2 4 9,6, 31.2288923236 , 121.5271048707 ,
Pudian Road,浦电路,Pudong,[f],6, 31.2208655000 , 121.5232426000 ,
Lancun Road,蓝村路,Pudong,4,6, 31.2118831155 , 121.5282011849 ,
Shanghai Children's Medical Center,上海儿童医学中心,Pudong,,6, 31.2040504786 , 121.5239263830 ,
Linyi Xincun,临沂新村,Pudong,,6, 31.1937122910 , 121.5175535907 ,
West Gaoke Road,高科西路,Pudong,7,6, 31.1855065553 , 121.5100592293 ,
Dongming Road,东明路,Pudong,13,6, 31.1727372577 , 121.5110069046 ,
Gaoqing Road,高青路,Pudong,,6, 31.1594128091 , 121.5157072185 ,
West Huaxia Road,华夏西路,Pudong,,6, 31.1498853611 , 121.5147073483 ,
Shangnan Road,上南路,Pudong,,6, 31.1491124566 , 121.5064128262 ,
South Lingyan Road,灵岩南路,Pudong,,6, 31.1487240738 , 121.4952675478 ,
Oriental Sports Center,东方体育中心,Pudong,8 11,6, 31.1534473114 , 121.4803520640 ,
Meilan Lake,美兰湖,Baoshan,,7, 31.4017180000 , 121.3501310000 ,
Luonan Xincun,罗南新村,Baoshan,,7, 31.3887270000 , 121.3574470000 ,
Panguang Road,潘广路,Baoshan,,7, 31.3639002926 , 121.3561903671 ,
Liuhang,刘行,Baoshan,,7, 31.3558672288 , 121.3643376605 ,
Gucun Park,顾村公园,Baoshan,,7, 31.3458150191 , 121.3722680415 ,
Qihua Road,祁华路,Baoshan,,7, 31.3223090000 , 121.3735680000 ,
Shanghai University,上海大学,Baoshan,,7, 31.3122937000 , 121.3893953000 ,
Nanchen Road,南陈路,Baoshan,,7, 31.3213250466 , 121.3972493120 ,
Shangda Road,上大路,Baoshan,,7, 31.3135235806 , 121.4091790496 ,
Changzhong Road,场中路,Baoshan,,7, 31.3026200241 , 121.4137797816 ,
Dachang Town,大场镇,Baoshan,,7, 31.2924979966 , 121.4171289369 ,
Xingzhi Road,行知路,Baoshan,,7, 31.2846852699 , 121.4217897975 ,
Dahuasan Road,大华三路,Baoshan,,7, 31.2751766296 , 121.4232120258 ,
Xincun Road,新村路,Putuo,,7, 31.2647118721 , 121.4228274707 ,
Langao Road,岚皋路,Putuo,,7, 31.2555904005 , 121.4218989839 ,
Zhenping Road,镇坪路,Putuo,3 4,7, 31.2467261837 , 121.4311606738 ,
Changshou Road,长寿路,Putuo,13,7, 31.2404172824 , 121.4377528496 ,
Changping Road,昌平路,Jing'an,,7, 31.2333339501 , 121.4429167347 ,
Jing'an Temple,静安寺,Jing'an,2,7, 31.2240646488 , 121.4481662804 ,
Changshu Road,常熟路,Xuhui,1,7, 31.2132997178 , 121.4510675172 ,
Zhaojiabang Road,肇嘉浜路,Xuhui,9,7, 31.1994744088 , 121.4504910350 ,
Dong'an Road,东安路,Xuhui,4,7, 31.1906372421 , 121.4547409621 ,
Middle Longhua Road,龙华中路,Xuhui,12,7, 31.1847817951 , 121.4574426404 ,
Houtan,后滩,Pudong,,7, 31.1731678038 , 121.4720045217 ,
Changqing Road,长清路,Pudong,13 [c],7, 31.1755484866 , 121.4873910460 ,
Yaohua Road,耀华路,Pudong,8,7, 31.1785403646 , 121.4946775887 ,
Yuntai Road,云台路,Pudong,,7, 31.1822209422 , 121.5003596870 ,
West Gaoke Road,高科西路,Pudong,6,7, 31.1855065553 , 121.5100592293 ,
South Yanggao Road,杨高南路,Pudong,,7, 31.1876608082 , 121.5238536699 ,
Jinxiu Road,锦绣路,Pudong,,7, 31.1876287780 , 121.5399536728 ,
Fanghua Road,芳华路,Pudong,,7, 31.1935373317 , 121.5498175737 ,
Longyang Road,龙阳路,Pudong,2 16 Maglev [e],7, 31.2019512949 , 121.5577914396 ,
Huamu Road,花木路,Pudong,,7, 31.2130691249 , 121.5617630185 ,
Shiguang Road,市光路,Yangpu,,8, 31.3227345388 , 121.5320016506 ,
Nenjiang Road,嫩江路,Yangpu,,8, 31.3146857936 , 121.5319922841 ,
Xiangyin Road,翔殷路,Yangpu,,8, 31.3050469908 , 121.5319512043 ,
Huangxing Park,黄兴公园,Yangpu,,8, 31.2957953337 , 121.5331812958 ,
Middle Yanji Road,延吉中路,Yangpu,,8, 31.2886510338 , 121.5349745632 ,
Huangxing Road,黄兴路,Yangpu,,8, 31.2782469110 , 121.5273704901 ,
Jiangpu Road,江浦路,Yangpu,,8, 31.2749257805 , 121.5185859374 ,
Anshan Xincun,鞍山新村,Yangpu,,8, 31.2729446605 , 121.5092299692 ,
Siping Road,四平路,Yangpu/Hongkou,10,8, 31.2748052758 , 121.5014803410 ,
Quyang Road,曲阳路,Hongkou,,8, 31.2765518312 , 121.4902771138 ,
Hongkou Football Stadium,虹口足球场,Hongkou,3,8, 31.2699198602 , 121.4792323897 ,
North Xizang Road,西藏北路,Jing'an,,8, 31.2636458610 , 121.4691526519 ,
Zhongxing Road,中兴路,Jing'an,,8, 31.2544675186 , 121.4686319777 ,
Qufu Road,曲阜路,Jing'an,12,8, 31.2422794629 , 121.4715317437 ,
People's Square,人民广场,Huangpu,1 2,8, 31.2323725402 , 121.4760743398 ,
Dashijie,大世界,Huangpu,,8, 31.2272108962 , 121.4794747564 ,
Laoximen,老西门,Huangpu,10,8, 31.2187806625 , 121.4828868891 ,
Lujiabang Road,陆家浜路,Huangpu,9,8, 31.2119455185 , 121.4859701296 ,
South Xizang Road,西藏南路,Huangpu,4,8, 31.2016619751 , 121.4896235528 ,
China Art Museum,中华艺术宫,Pudong,,8, 31.1849728500 , 121.4937458717 ,
Yaohua Road,耀华路,Pudong,7,8, 31.1785403646 , 121.4946775887 ,
Chengshan Road,成山路,Pudong,13,8, 31.1713302128 , 121.4960790306 ,
Yangsi,杨思,Pudong,,8, 31.1609856240 , 121.4935001957 ,
Oriental Sports Center,东方体育中心,Pudong,6 11,8, 31.1534473114 , 121.4803520640 ,
Lingzhao Xincun,凌兆新村,Pudong,,8, 31.1410822754 , 121.4892806037 ,
Luheng Road,芦恒路,Minhang,,8, 31.1181634779 , 121.4982891898 ,
Pujiang Town,浦江镇,Minhang,,8, 31.0962380000 , 121.5063860000 ,
Jiangyue Road,江月路,Minhang,,8, 31.0840150000 , 121.5086280000 ,
Lianhang Road,联航路,Minhang,,8, 31.0734250000 , 121.5105810000 ,
Shendu Highway,沈杜公路,Minhang,Pujiang Fengpu BRT,8, 31.0614180000 , 121.5122280000 ,
Songjiang South Railway Station,松江南站,Songjiang,Songjiangnan[b],9, 30.9842993853 , 121.2310289944 ,
Zuibaichi Park,醉白池,Songjiang,Songjiang[b],9, 31.0007030456 , 121.2289431367 ,
Songjiang Sports Center,松江体育中心,Songjiang,,9, 31.0158671439 , 121.2307007613 ,
Songjiang Xincheng,松江新城,Songjiang,,9, 31.0300924867 , 121.2307176173 ,
Songjiang University Town,松江大学城,Songjiang,,9, 31.0493850000 , 121.2120380000 ,
Dongjing,洞泾,Songjiang,,9, 31.0844810000 , 121.2304750000 ,
Sheshan,佘山,Songjiang,,9, 31.1044610000 , 121.2297200000 ,
Sijing,泗泾,Songjiang,,9, 31.1183190000 , 121.2604410000 ,
Jiuting,九亭,Songjiang,,9, 31.1373084763 , 121.3186988692 ,
Zhongchun Road,中春路,Minhang,,9, 31.1498604487 , 121.3387742946 ,
Qibao,七宝,Minhang,,9, 31.1553646782 , 121.3488243293 ,
Xingzhong Road,星中路,Minhang,,9, 31.1585606532 , 121.3686648517 ,
Hechuan Road,合川路,Minhang,,9, 31.1671036379 , 121.3849957673 ,
Caohejing Hi-Tech Park,漕河泾开发区,Xuhui,,9, 31.1707855528 , 121.3974211812 ,
Guilin Road,桂林路,Xuhui,,9, 31.1745393427 , 121.4163587380 ,
Yishan Road,宜山路,Xuhui,3 4,9, 31.1867983693 , 121.4275760079 ,
Xujiahui,徐家汇,Xuhui,1 11,9, 31.1944398962 , 121.4359796592 ,
Zhaojiabang Road,肇嘉浜路,Xuhui,7,9, 31.1994744088 , 121.4504910350 ,
Jiashan Road,嘉善路,Xuhui,12,9, 31.2026987073 , 121.4609484928 ,
Dapuqiao,打浦桥,Huangpu,,9, 31.2070742179 , 121.4690718125 ,
Madang Road,马当路,Huangpu,13,9, 31.2093410665 , 121.4764588645 ,
Lujiabang Road,陆家浜路,Huangpu,8,9, 31.2119455185 , 121.4859701296 ,
Xiaonanmen,小南门,Huangpu,,9, 31.2169992542 , 121.4985386207 ,
Shangcheng Road,商城路,Pudong,,9, 31.2304474131 , 121.5164385905 ,
Century Avenue,世纪大道,Pudong,2 4 6,9, 31.2288923236 , 121.5271048707 ,
Middle Yanggao Road,杨高中路,Pudong,,9, 31.2271787533 , 121.5478632344 ,
Fangdian Road,芳甸路,Pudong,,9, 31.2318260000 , 121.5561170000 ,
Lantian Road,蓝天路,Pudong,,9, 31.2381547000 , 121.5648168000 ,
Taierzhuang Road,台儿庄路,Pudong,,9, 31.2550580000 , 121.5937950000 ,
Jinqiao,金桥,Pudong,,9, 31.2630560000 , 121.6067160000 ,
Jinji Road,金吉路,Pudong,,9, 31.2664990000 , 121.6247160000 ,
Jinhai Road,金海路,Pudong,12,9, 31.2631128023 , 121.6386506525 ,
Gutang Road,顾唐路,Pudong,,9, 31.2681790000 , 121.6521360000 ,
Minlei Road,民雷路,Pudong,,9, 31.2704900000 , 121.6638410000 ,
Caolu,曹路,Pudong,,9, 31.2734020000 , 121.6786700000 ,
Hangzhong Road,航中路,Minhang,,10, 31.1652151686 , 121.3537478834 ,
Ziteng Road,紫藤路,Minhang,,10, 31.1694562644 , 121.3635519763 ,
Longbai Xincun,龙柏新村,Minhang,,10, 31.1774018165 , 121.3707747787 ,
Hongqiao Railway Station,虹桥火车站,Minhang,2 17 Hongqiao[b],10, 31.1937845473 , 121.3201189938 ,
Hongqiao Airport Terminal 2,虹桥2号航站楼,Minhang,2 [g],10, 31.1942220000 , 121.3262520000 ,
Hongqiao Airport Terminal 1,虹桥1号航站楼,Changning,,10, 31.1916460128 , 121.3472375915 ,
Shanghai Zoo,上海动物园,Changning,,10, 31.1901939874 , 121.3680242086 ,
Longxi Road,龙溪路,Changning,,10, 31.1951280814 , 121.3814021055 ,
Shuicheng Road,水城路,Changning,,10, 31.1993697940 , 121.3922596904 ,
Yili Road,伊犁路,Changning,,10, 31.1992363369 , 121.4026608552 ,
Songyuan Road,宋园路,Changning,,10, 31.1964706289 , 121.4125461763 ,
Hongqiao Road,虹桥路,Changning,3 4,10, 31.1971021989 , 121.4211198430 ,
Jiaotong University,交通大学,Xuhui,11,10, 31.2022598784 , 121.4352923163 ,
Shanghai Library,上海图书馆,Xuhui,,10, 31.2075709839 , 121.4434387903 ,
South Shaanxi Road,陕西南路,Huangpu,1 12,10, 31.2149228095 , 121.4585974611 ,
Xintiandi,新天地,Huangpu,13,10, 31.2161021182 , 121.4743520059 ,
Laoximen,老西门,Huangpu,8,10, 31.2187806625 , 121.4828868891 ,
Yuyuan Garden,豫园,Huangpu,,10, 31.2277350086 , 121.4875257285 ,
East Nanjing Road,南京东路,Huangpu,2,10, 31.2374561554 , 121.4850320751 ,
Tiantong Road,天潼路,Hongkou/Jing'an,12,10, 31.2438164461 , 121.4823430367 ,
North Sichuan Road,四川北路,Hongkou,,10, 31.2517568892 , 121.4839997375 ,
Hailun Road,海伦路,Hongkou,4,10, 31.2592106246 , 121.4886958127 ,
Youdian Xincun,邮电新村,Hongkou,,10, 31.2684272961 , 121.4943001399 ,
Siping Road,四平路,Yangpu/Hongkou,8,10, 31.2748052758 , 121.5014803410 ,
Tongji University,同济大学,Yangpu,,10, 31.2824065011 , 121.5065200085 ,
Guoquan Road,国权路,Yangpu,,10, 31.2892379117 , 121.5100333617 ,
Wujiaochang,五角场,Yangpu,,10, 31.2977100187 , 121.5144910866 ,
Jiangwan Stadium,江湾体育场,Yangpu,,10, 31.3030968052 , 121.5140188265 ,
Sanmen Road,三门路,Yangpu,,10, 31.3130914702 , 121.5079951705 ,
East Yingao Road,殷高东路,Yangpu,,10, 31.3218199895 , 121.5065889223 ,
Xinjiangwancheng,新江湾城,Yangpu,,10, 31.3288147046 , 121.5065640457 ,
Disney Resort,迪士尼,Pudong,,11, 31.1434290000 , 121.6637370000 ,
Kangxin Highway,康新公路,Pudong,,11, 31.0757000000 , 121.3647000000 ,
Xiuyan Road,秀沿路,Pudong,,11, 31.0825000000 , 121.3539000000 ,
Luoshan Road,罗山路,Pudong,16,11, 31.1532727960 , 121.5931844861 ,
Yuqiao,御桥,Pudong,,11, 31.1583345034 , 121.5716571257 ,
Pusan Road,浦三路,Pudong,,11, 31.1510335405 , 121.5393584948 ,
East Sanlin,三林东,Pudong,,11, 31.1465250835 , 121.5232336824 ,
Sanlin,三林,Pudong,,11, 31.1433107997 , 121.5123244179 ,
Oriental Sports Center,东方体育中心,Pudong,6 8,11, 31.1534473114 , 121.4803520640 ,
Longyao Road,龙耀路,Xuhui,,11, 31.1595784247 , 121.4597455997 ,
Yunjin Road,云锦路,Xuhui,,11, 31.1675775550 , 121.4584426399 ,
Longhua,龙华,Xuhui,12,11, 31.1729356119 , 121.4532781374 ,
Shanghai Swimming Center,上海游泳馆,Xuhui,,11, 31.1793964079 , 121.4413695532 ,
Xujiahui,徐家汇,Xuhui,1 9,11, 31.1944398962 , 121.4359796592 ,
Jiaotong University,交通大学,Xuhui,10,11, 31.2022598784 , 121.4352923163 ,
Jiangsu Road,江苏路,Changning,2,11, 31.2193553755 , 121.4310034273 ,
Longde Road,隆德路,Putuo,13,11, 31.2305098288 , 121.4236451950 ,
Caoyang Road,曹杨路,Putuo,3 4,11, 31.2384670386 , 121.4168652789 ,
Fengqiao Road,枫桥路,Putuo,,11, 31.2425151175 , 121.4103676657 ,
Zhenru,真如,Putuo,,11, 31.2508843079 , 121.4073003736 ,
West Shanghai Railway Station,上海西站,Putuo,Shanghaixi[b],11, 31.2640220628 , 121.3995217963 ,
Liziyuan,李子园,Putuo,,11, 31.1608000000 , 121.2324000000 ,
Qilianshan Road,祁连山路,Putuo,,11, 31.2715645456 , 121.3771865748 ,
Wuwei Road,武威路,Putuo,,11, 31.2799196633 , 121.3624972732 ,
Taopu Xincun,桃浦新村,Putuo,,11, 31.2814401613 , 121.3504946699 ,
Nanxiang,南翔,Jiading,,11, 31.2812503636 , 121.3054164301 ,
Chenxiang Highway,陈翔公路,Jiading,,11, 31.3089580000 , 121.3019170000 ,
Malu,马陆,Jiading,,11, 31.3194590000 , 121.2768310000 ,
Jiading Xincheng,嘉定新城,Jiading,,11, 31.3300690000 , 121.2542990000 ,
Baiyin Road,白银路,Jiading,,11, 31.3451810000 , 121.2454280000 ,
West Jiading,嘉定西,Jiading,,11, 31.3770920000 , 121.2278620000 ,
North Jiading,嘉定北,Jiading,,11, 31.3915040000 , 121.2373270000 ,
Shanghai Circuit,上海赛车场,Jiading,,11, 31.3318180000 , 121.2260540000 ,
East Changji Road,昌吉东路,Jiading,,11, 31.2935460000 , 121.2003810000 ,
Shanghai Automobile City,上海汽车城,Jiading,,11, 31.2854190000 , 121.1807830000 ,
Anting,安亭,Jiading,,11, 31.3052300714 , 121.1785450895 ,
Zhaofeng Road,兆丰路,"Kunshan, Jiangsu",,11, 31.2890440354 , 121.1500418929 ,
Guangming Road,光明路,"Kunshan, Jiangsu",,11, 31.2962776586 , 121.1171751318 ,
Huaqiao,花桥,"Kunshan, Jiangsu",,11, 31.2987919670 , 121.1043819921 ,
Jinhai Road,金海路,Pudong,9,12, 31.2631128023 , 121.6386506525 ,
Shenjiang Road,申江路,Pudong,,12, 31.2801247141 , 121.6268259739 ,
Jinjing Road,金京路,Pudong,,12, 31.2796695919 , 121.6149962993 ,
North Yanggao Road,杨高北路,Pudong,,12, 31.2801012688 , 121.6029713557 ,
Jufeng Road,巨峰路,Pudong,6,12, 31.2801140955 , 121.5893540833 ,
Donglu Road,东陆路,Pudong,,12, 31.2824965716 , 121.5788697258 ,
Fuxing Island,复兴岛,Yangpu,,12, 31.2807605428 , 121.5612282147 ,
Aiguo Road,爱国路,Yangpu,,12, 31.2798294151 , 121.5525623746 ,
Longchang Road,隆昌路,Yangpu,,12, 31.2754988294 , 121.5450258484 ,
Ningguo Road,宁国路,Yangpu,,12, 31.2685959451 , 121.5326008715 ,
Jiangpu Park,江浦公园,Yangpu,,12, 31.2644682865 , 121.5237051078 ,
Dalian Road,大连路,Yangpu,4,12, 31.2579402013 , 121.5129702667 ,
Tilanqiao,提篮桥,Hongkou,,12, 31.2534787107 , 121.5066748941 ,
International Cruise Terminal,国际客运中心,Hongkou,,12, 31.2501297874 , 121.4984302801 ,
Tiantong Road,天潼路,Hongkou,10,12, 31.2438164461 , 121.4823430367 ,
Qufu Road,曲阜路,Jing'an,8,12, 31.2422794629 , 121.4715317437 ,
Hanzhong Road,汉中路,Jing'an,1 13,12, 31.2418749330 , 121.4582982410 ,
West Nanjing Road,南京西路,Jing'an,2 13 [c],12, 31.2299280755 , 121.4605991657 ,
South Shaanxi Road,陕西南路,Huangpu,1 10,12, 31.2149228095 , 121.4585974611 ,
Jiashan Road,嘉善路,Xuhui,9,12, 31.2026987073 , 121.4609484928 ,
Damuqiao Road,大木桥路,Xuhui,4,12, 31.1941644370 , 121.4637161324 ,
Middle Longhua Road,龙华中路,Xuhui,7,12, 31.1847817951 , 121.4574426404 ,
Longhua,龙华,Xuhui,11,12, 31.1729356119 , 121.4532781374 ,
Longcao Road,龙漕路,Xuhui,3,12, 31.1694530000 , 121.4443910000 ,
Caobao Road,漕宝路,Xuhui,1,12, 31.1683910928 , 121.4349516747 ,
Guilin Park,桂林公园,Xuhui,,12, 31.1009000000 , 121.2455000000 ,
Hongcao Road,虹漕路,Xuhui,,12, 31.0957000000 , 121.2421000000 ,
Hongmei Road,虹梅路,Xuhui,,12, 31.0943000000 , 121.2328000000 ,
Donglan Road,东兰路,Minhang,,12, 31.0927000000 , 121.2314000000 ,
Gudai Road,顾戴路,Minhang,,12, 31.0834000000 , 121.2315000000 ,
Hongxin Road,虹莘路,Minhang,,12, 31.0823000000 , 121.2234000000 ,
Qixin Road,七莘路,Minhang,,12, 31.0759000000 , 121.2127000000 ,
Jinyun Road,金运路,Jiading,,13, 31.2409432292 , 121.3199755174 ,
West Jinshajiang Road,金沙江西路,Jiading,,13, 31.2411720613 , 121.3352096650 ,
Fengzhuang,丰庄,Jiading,,13, 31.2424248751 , 121.3553121494 ,
South Qilianshan Road,祁连山南路,Putuo,,13, 31.2376480919 , 121.3673209479 ,
Zhenbei Road,真北路,Putuo,,13, 31.2322135310 , 121.3821984382 ,
Daduhe Road,大渡河路,Putuo,,13, 31.2318204208 , 121.3942629407 ,
Jinshajiang Road,金沙江路,Putuo,3 4,13, 31.2313134633 , 121.4118713113 ,
Longde Road,隆德路,Putuo,11,13, 31.2305098288 , 121.4236451950 ,
Wuning Road,武宁路,Putuo,,13, 31.2345029533 , 121.4306973563 ,
Changshou Road,长寿路,Putuo,7,13, 31.2404172824 , 121.4377528496 ,
Jiangning Road,江宁路,Putuo,,13, 31.1446000000 , 121.2624000000 ,
Hanzhong Road,汉中路,Jing'an,1 12,13, 31.2418749330 , 121.4582982410 ,
Shanghai Natural History Museum,自然博物馆,Jing'an,,13, 31.1418000000 , 121.2728000000 ,
West Nanjing Road,南京西路,Jing'an,2 12 [c],13, 31.2299280755 , 121.4605991657 ,
Middle Huaihai Road,淮海中路,Huangpu,,13, 31.1319000000 , 121.2735000000 ,
Xintiandi,新天地,Huangpu,10,13, 31.2161021182 , 121.4743520059 ,
Madang Road,马当路,Huangpu,9,13, 31.2093410665 , 121.4764588645 ,
World Expo Museum,世博会博物馆,Huangpu,,13, 31.1158000000 , 121.2838000000 ,
Shibo Avenue,世博大道,Pudong,,13, 31.1106000000 , 121.2845000000 ,
Changqing Road,长清路,Pudong,7 [c],13, 31.1755484866 , 121.4873910460 ,
Chengshan Road,成山路,Pudong,8,13, 31.1713302128 , 121.4960790306 ,
Dongming Road,东明路,Pudong,6,13, 31.1727372577 , 121.5110069046 ,
Huapeng Road,华鹏路,Pudong,,13, 31.1787000000 , 121.5226000000 ,
Xianan Road,下南路,Pudong,,13, 31.1815000000 , 121.5361000000 ,
Beicai,北蔡,Pudong,,13, 31.1824000000 , 121.5479000000 ,
Chenchun Road,陈春路,Pudong,,13, 31.1771000000 , 121.5539000000 ,
Lianxi Road,莲溪路,Pudong,,13, 31.1713000000 , 121.5620000000 ,
Middle Huaxia Road,华夏中路,Pudong,16,13, 31.1757792307 , 121.5831551419 ,
Zhongke Road,中科路,Pudong,,13, 31.1810000000 , 121.5964000000 ,
Xuelin Road,学林路,Pudong,,13, 31.1858000000 , 121.6104000000 ,
Zhangjiang Road,张江路,Pudong,,13, 31.1914000000 , 121.6258000000 ,
Longyang Road,龙阳路,Pudong,2 7 Maglev [e],16, 31.2019512949 , 121.5577914396 ,
Middle Huaxia Road,华夏中路,Pudong,13,16, 31.1757792307 , 121.5831551419 ,
Luoshan Road,罗山路,Pudong,11,16, 31.1532727960 , 121.5931844861 ,
East Zhoupu,周浦东,Pudong,,16, 31.1100876206 , 121.6069283581 ,
Heshahangcheng,鹤沙航城,Pudong,,16, 31.0775633970 , 121.6112725795 ,
East Hangtou,航头东,Pudong,,16, 31.0547996957 , 121.6174761678 ,
Xinchang,新场,Pudong,,16, 31.0453904864 , 121.6490385903 ,
Wild Animal Park,野生动物园,Pudong,,16, 31.0490000000 , 121.7090000000 ,
Huinan,惠南,Pudong,,16, 31.0538778505 , 121.7625389351 ,
East Huinan,惠南东,Pudong,,16, 31.0264251872 , 121.7938964019 ,
Shuyuan,书院,Pudong,,16, 30.9592612351 , 121.8506634012 ,
Lingang Avenue,临港大道,Pudong,,16, 30.9236069181 , 121.9106626308 ,
Dishui Lake,滴水湖,Pudong,,16, 30.9068668200 , 121.9299263149 ,
Hongqiao Railway Station,虹桥火车站,Minhang,2 10 Hongqiao[b],17, 31.1937845473 , 121.3201189938 ,
Zhuguang Road,诸光路,Qingpu,,17, 31.1939390000 , 121.2879690000 ,
Panlong Road,蟠龙路,Qingpu,,17, 31.1884020000 , 121.2739320000 ,
Xuying Road,徐盈路,Qingpu,,17, 31.1801080000 , 121.2495350000 ,
Xujingbeicheng,徐泾北城,Qingpu,,17, 31.1775490000 , 121.2372610000 ,
Middle Jiasong Road,嘉松中路,Qingpu,,17, 31.1661140000 , 121.2194580000 ,
Zhaoxiang,赵巷,Qingpu,,17, 31.1632370000 , 121.1877590000 ,
Huijin Road,汇金路,Qingpu,,17, 31.1631270000 , 121.1474010000 ,
Qingpu Xincheng,青浦新城,Qingpu,,17, 31.1608230000 , 121.1209260000 ,
Caoying Road,漕盈路,Qingpu,,17, 31.1622840000 , 121.0917370000 ,
Dianshanhu Avenue,淀山湖大道,Qingpu,,17, 31.1358910000 , 121.0763370000 ,
Zhujiajiao,朱家角,Qingpu,,17, 31.1025310000 , 121.0444510000 ,
Oriental Land,东方绿舟,Qingpu,,17, 31.1005800000 , 121.0151330000 ,
Shendu Highway,沈杜公路,Minhang,8,18, 31.0614180000 , 121.5122280000 ,
Sanlu Highway,三鲁公路,Minhang,,18, 31.0583020000 , 121.5230240000 ,
Minrui Road,闵瑞路,Minhang,,18, 31.0583020000 , 121.5230240000 ,
Puhang Road,浦航路,Minhang,,18, 31.0431750000 , 121.5262850000 ,
Dongchengyi Road,东城一路,Minhang,,18, 31.0326390000 , 121.5278120000 ,
Huizhen Road,汇臻路,Minhang,,18, 31.0274420000 , 121.5203110000 ,
